Script	Run	Model	Distance	Surprisal	MI	Memory	UnigramCE	Type
forWords_Turkish_RandomOrder_Coarse_FineSurprisal.py	1277499-RANDOM	RANDOM	0	5.533802087832501	2.309090994532651	0	5.533802087832501	RANDOM
forWords_Turkish_RandomOrder_Coarse_FineSurprisal.py	1277499-RANDOM	RANDOM	1	3.2247110932998497	0.0	2.309090994532651	5.533802087832501	RANDOM
forWords_Turkish_RandomOrder_Coarse_FineSurprisal.py	1277499-RANDOM	RANDOM	2	3.2247110932998497	0.0	2.309090994532651	5.533802087832501	RANDOM
forWords_Turkish_RandomOrder_Coarse_FineSurprisal.py	1277499-RANDOM	RANDOM	3	3.2247110932998497	0.0	2.309090994532651	5.533802087832501	RANDOM
forWords_Turkish_RandomOrder_Coarse_FineSurprisal.py	1277499-RANDOM	RANDOM	4	3.2247110932998497	0.0	2.309090994532651	5.533802087832501	RANDOM
forWords_Turkish_RandomOrder_Coarse_FineSurprisal.py	1277499-RANDOM	RANDOM	5	3.2247110932998497	0.0	2.309090994532651	5.533802087832501	RANDOM
forWords_Turkish_RandomOrder_Coarse_FineSurprisal.py	1277499-RANDOM	RANDOM	6	3.2247110932998497	0.0	2.309090994532651	5.533802087832501	RANDOM
forWords_Turkish_RandomOrder_Coarse_FineSurprisal.py	1277499-RANDOM	RANDOM	7	3.2247110932998497	0.0	2.309090994532651	5.533802087832501	RANDOM
forWords_Turkish_RandomOrder_Coarse_FineSurprisal.py	1277499-RANDOM	RANDOM	8	3.2247110932998497	0.0	2.309090994532651	5.533802087832501	RANDOM
forWords_Turkish_RandomOrder_Coarse_FineSurprisal.py	1277499-RANDOM	RANDOM	9	3.2247110932998497	0.0	2.309090994532651	5.533802087832501	RANDOM
forWords_Turkish_RandomOrder_Coarse_FineSurprisal.py	1277499-RANDOM	RANDOM	10	3.2247110932998497	0.0	2.309090994532651	5.533802087832501	RANDOM
forWords_Turkish_RandomOrder_Coarse_FineSurprisal.py	1277499-RANDOM	RANDOM	11	3.2247110932998497	0	2.309090994532651	5.533802087832501	RANDOM
forWords_Turkish_RandomOrder_Coarse_FineSurprisal.py	1589057-RANDOM	RANDOM	0	5.533802087832501	2.3445999582754755	0	5.533802087832501	RANDOM
forWords_Turkish_RandomOrder_Coarse_FineSurprisal.py	1589057-RANDOM	RANDOM	1	3.1892021295570254	0.0	2.3445999582754755	5.533802087832501	RANDOM
forWords_Turkish_RandomOrder_Coarse_FineSurprisal.py	1589057-RANDOM	RANDOM	2	3.1892021295570254	0.0	2.3445999582754755	5.533802087832501	RANDOM
forWords_Turkish_RandomOrder_Coarse_FineSurprisal.py	1589057-RANDOM	RANDOM	3	3.1892021295570254	0.0	2.3445999582754755	5.533802087832501	RANDOM
forWords_Turkish_RandomOrder_Coarse_FineSurprisal.py	1589057-RANDOM	RANDOM	4	3.1892021295570254	0.0	2.3445999582754755	5.533802087832501	RANDOM
forWords_Turkish_RandomOrder_Coarse_FineSurprisal.py	1589057-RANDOM	RANDOM	5	3.1892021295570254	0.0	2.3445999582754755	5.533802087832501	RANDOM
forWords_Turkish_RandomOrder_Coarse_FineSurprisal.py	1589057-RANDOM	RANDOM	6	3.1892021295570254	0.0	2.3445999582754755	5.533802087832501	RANDOM
forWords_Turkish_RandomOrder_Coarse_FineSurprisal.py	1589057-RANDOM	RANDOM	7	3.1892021295570254	0.0	2.3445999582754755	5.533802087832501	RANDOM
forWords_Turkish_RandomOrder_Coarse_FineSurprisal.py	1589057-RANDOM	RANDOM	8	3.1892021295570254	0.0	2.3445999582754755	5.533802087832501	RANDOM
forWords_Turkish_RandomOrder_Coarse_FineSurprisal.py	1589057-RANDOM	RANDOM	9	3.1892021295570254	0.0	2.3445999582754755	5.533802087832501	RANDOM
forWords_Turkish_RandomOrder_Coarse_FineSurprisal.py	1589057-RANDOM	RANDOM	10	3.1892021295570254	0.0	2.3445999582754755	5.533802087832501	RANDOM
forWords_Turkish_RandomOrder_Coarse_FineSurprisal.py	1589057-RANDOM	RANDOM	11	3.1892021295570254	0	2.3445999582754755	5.533802087832501	RANDOM
forWords_Turkish_RandomOrder_Coarse_FineSurprisal.py	2151347-RANDOM	RANDOM	0	5.533802087832501	2.356268253714996	0	5.533802087832501	RANDOM
forWords_Turkish_RandomOrder_Coarse_FineSurprisal.py	2151347-RANDOM	RANDOM	1	3.177533834117505	0.0	2.356268253714996	5.533802087832501	RANDOM
forWords_Turkish_RandomOrder_Coarse_FineSurprisal.py	2151347-RANDOM	RANDOM	2	3.177533834117505	0.0	2.356268253714996	5.533802087832501	RANDOM
forWords_Turkish_RandomOrder_Coarse_FineSurprisal.py	2151347-RANDOM	RANDOM	3	3.177533834117505	0.0	2.356268253714996	5.533802087832501	RANDOM
forWords_Turkish_RandomOrder_Coarse_FineSurprisal.py	2151347-RANDOM	RANDOM	4	3.177533834117505	0.0	2.356268253714996	5.533802087832501	RANDOM
forWords_Turkish_RandomOrder_Coarse_FineSurprisal.py	2151347-RANDOM	RANDOM	5	3.177533834117505	0.0	2.356268253714996	5.533802087832501	RANDOM
forWords_Turkish_RandomOrder_Coarse_FineSurprisal.py	2151347-RANDOM	RANDOM	6	3.177533834117505	0.0	2.356268253714996	5.533802087832501	RANDOM
forWords_Turkish_RandomOrder_Coarse_FineSurprisal.py	2151347-RANDOM	RANDOM	7	3.177533834117505	0.0	2.356268253714996	5.533802087832501	RANDOM
forWords_Turkish_RandomOrder_Coarse_FineSurprisal.py	2151347-RANDOM	RANDOM	8	3.177533834117505	0.0	2.356268253714996	5.533802087832501	RANDOM
forWords_Turkish_RandomOrder_Coarse_FineSurprisal.py	2151347-RANDOM	RANDOM	9	3.177533834117505	0.0	2.356268253714996	5.533802087832501	RANDOM
forWords_Turkish_RandomOrder_Coarse_FineSurprisal.py	2151347-RANDOM	RANDOM	10	3.177533834117505	0.0	2.356268253714996	5.533802087832501	RANDOM
forWords_Turkish_RandomOrder_Coarse_FineSurprisal.py	2151347-RANDOM	RANDOM	11	3.177533834117505	0	2.356268253714996	5.533802087832501	RANDOM
forWords_Turkish_RandomOrder_Coarse_FineSurprisal.py	2506085-RANDOM	RANDOM	0	5.533802087832501	2.2995454868872023	0	5.533802087832501	RANDOM
forWords_Turkish_RandomOrder_Coarse_FineSurprisal.py	2506085-RANDOM	RANDOM	1	3.2342566009452987	0.0	2.2995454868872023	5.533802087832501	RANDOM
forWords_Turkish_RandomOrder_Coarse_FineSurprisal.py	2506085-RANDOM	RANDOM	2	3.2342566009452987	0.0	2.2995454868872023	5.533802087832501	RANDOM
forWords_Turkish_RandomOrder_Coarse_FineSurprisal.py	2506085-RANDOM	RANDOM	3	3.2342566009452987	0.0	2.2995454868872023	5.533802087832501	RANDOM
forWords_Turkish_RandomOrder_Coarse_FineSurprisal.py	2506085-RANDOM	RANDOM	4	3.2342566009452987	0.0	2.2995454868872023	5.533802087832501	RANDOM
forWords_Turkish_RandomOrder_Coarse_FineSurprisal.py	2506085-RANDOM	RANDOM	5	3.2342566009452987	0.0	2.2995454868872023	5.533802087832501	RANDOM
forWords_Turkish_RandomOrder_Coarse_FineSurprisal.py	2506085-RANDOM	RANDOM	6	3.2342566009452987	0.0	2.2995454868872023	5.533802087832501	RANDOM
forWords_Turkish_RandomOrder_Coarse_FineSurprisal.py	2506085-RANDOM	RANDOM	7	3.2342566009452987	0.0	2.2995454868872023	5.533802087832501	RANDOM
forWords_Turkish_RandomOrder_Coarse_FineSurprisal.py	2506085-RANDOM	RANDOM	8	3.2342566009452987	0.0	2.2995454868872023	5.533802087832501	RANDOM
forWords_Turkish_RandomOrder_Coarse_FineSurprisal.py	2506085-RANDOM	RANDOM	9	3.2342566009452987	0.0	2.2995454868872023	5.533802087832501	RANDOM
forWords_Turkish_RandomOrder_Coarse_FineSurprisal.py	2506085-RANDOM	RANDOM	10	3.2342566009452987	0.0	2.2995454868872023	5.533802087832501	RANDOM
forWords_Turkish_RandomOrder_Coarse_FineSurprisal.py	2506085-RANDOM	RANDOM	11	3.2342566009452987	0	2.2995454868872023	5.533802087832501	RANDOM
forWords_Turkish_RandomOrder_Coarse_FineSurprisal.py	284716-RANDOM	RANDOM	0	5.533802087832501	2.3608608224844647	0	5.533802087832501	RANDOM
forWords_Turkish_RandomOrder_Coarse_FineSurprisal.py	284716-RANDOM	RANDOM	1	3.172941265348036	0.0	2.3608608224844647	5.533802087832501	RANDOM
forWords_Turkish_RandomOrder_Coarse_FineSurprisal.py	284716-RANDOM	RANDOM	2	3.172941265348036	0.0	2.3608608224844647	5.533802087832501	RANDOM
forWords_Turkish_RandomOrder_Coarse_FineSurprisal.py	284716-RANDOM	RANDOM	3	3.172941265348036	0.0	2.3608608224844647	5.533802087832501	RANDOM
forWords_Turkish_RandomOrder_Coarse_FineSurprisal.py	284716-RANDOM	RANDOM	4	3.172941265348036	0.0	2.3608608224844647	5.533802087832501	RANDOM
forWords_Turkish_RandomOrder_Coarse_FineSurprisal.py	284716-RANDOM	RANDOM	5	3.172941265348036	0.0	2.3608608224844647	5.533802087832501	RANDOM
forWords_Turkish_RandomOrder_Coarse_FineSurprisal.py	284716-RANDOM	RANDOM	6	3.172941265348036	0.0	2.3608608224844647	5.533802087832501	RANDOM
forWords_Turkish_RandomOrder_Coarse_FineSurprisal.py	284716-RANDOM	RANDOM	7	3.172941265348036	0.0	2.3608608224844647	5.533802087832501	RANDOM
forWords_Turkish_RandomOrder_Coarse_FineSurprisal.py	284716-RANDOM	RANDOM	8	3.172941265348036	0.0	2.3608608224844647	5.533802087832501	RANDOM
forWords_Turkish_RandomOrder_Coarse_FineSurprisal.py	284716-RANDOM	RANDOM	9	3.172941265348036	0.0	2.3608608224844647	5.533802087832501	RANDOM
forWords_Turkish_RandomOrder_Coarse_FineSurprisal.py	284716-RANDOM	RANDOM	10	3.172941265348036	0.0	2.3608608224844647	5.533802087832501	RANDOM
forWords_Turkish_RandomOrder_Coarse_FineSurprisal.py	284716-RANDOM	RANDOM	11	3.172941265348036	0	2.3608608224844647	5.533802087832501	RANDOM
forWords_Turkish_RandomOrder_Coarse_FineSurprisal.py	4162720-RANDOM	RANDOM	0	5.533802087832501	2.3739979789416883	0	5.533802087832501	RANDOM
forWords_Turkish_RandomOrder_Coarse_FineSurprisal.py	4162720-RANDOM	RANDOM	1	3.1598041088908126	0.0	2.3739979789416883	5.533802087832501	RANDOM
forWords_Turkish_RandomOrder_Coarse_FineSurprisal.py	4162720-RANDOM	RANDOM	2	3.1598041088908126	0.0	2.3739979789416883	5.533802087832501	RANDOM
forWords_Turkish_RandomOrder_Coarse_FineSurprisal.py	4162720-RANDOM	RANDOM	3	3.1598041088908126	0.0	2.3739979789416883	5.533802087832501	RANDOM
forWords_Turkish_RandomOrder_Coarse_FineSurprisal.py	4162720-RANDOM	RANDOM	4	3.1598041088908126	0.0	2.3739979789416883	5.533802087832501	RANDOM
forWords_Turkish_RandomOrder_Coarse_FineSurprisal.py	4162720-RANDOM	RANDOM	5	3.1598041088908126	0.0	2.3739979789416883	5.533802087832501	RANDOM
forWords_Turkish_RandomOrder_Coarse_FineSurprisal.py	4162720-RANDOM	RANDOM	6	3.1598041088908126	0.0	2.3739979789416883	5.533802087832501	RANDOM
forWords_Turkish_RandomOrder_Coarse_FineSurprisal.py	4162720-RANDOM	RANDOM	7	3.1598041088908126	0.0	2.3739979789416883	5.533802087832501	RANDOM
forWords_Turkish_RandomOrder_Coarse_FineSurprisal.py	4162720-RANDOM	RANDOM	8	3.1598041088908126	0.0	2.3739979789416883	5.533802087832501	RANDOM
forWords_Turkish_RandomOrder_Coarse_FineSurprisal.py	4162720-RANDOM	RANDOM	9	3.1598041088908126	0.0	2.3739979789416883	5.533802087832501	RANDOM
forWords_Turkish_RandomOrder_Coarse_FineSurprisal.py	4162720-RANDOM	RANDOM	10	3.1598041088908126	0.0	2.3739979789416883	5.533802087832501	RANDOM
forWords_Turkish_RandomOrder_Coarse_FineSurprisal.py	4162720-RANDOM	RANDOM	11	3.1598041088908126	0	2.3739979789416883	5.533802087832501	RANDOM
forWords_Turkish_RandomOrder_Coarse_FineSurprisal.py	4319680-RANDOM	RANDOM	0	5.533802087832501	2.3464400285665663	0	5.533802087832501	RANDOM
forWords_Turkish_RandomOrder_Coarse_FineSurprisal.py	4319680-RANDOM	RANDOM	1	3.1873620592659346	0.0	2.3464400285665663	5.533802087832501	RANDOM
forWords_Turkish_RandomOrder_Coarse_FineSurprisal.py	4319680-RANDOM	RANDOM	2	3.1873620592659346	0.0	2.3464400285665663	5.533802087832501	RANDOM
forWords_Turkish_RandomOrder_Coarse_FineSurprisal.py	4319680-RANDOM	RANDOM	3	3.1873620592659346	0.0	2.3464400285665663	5.533802087832501	RANDOM
forWords_Turkish_RandomOrder_Coarse_FineSurprisal.py	4319680-RANDOM	RANDOM	4	3.1873620592659346	0.0	2.3464400285665663	5.533802087832501	RANDOM
forWords_Turkish_RandomOrder_Coarse_FineSurprisal.py	4319680-RANDOM	RANDOM	5	3.1873620592659346	0.0	2.3464400285665663	5.533802087832501	RANDOM
forWords_Turkish_RandomOrder_Coarse_FineSurprisal.py	4319680-RANDOM	RANDOM	6	3.1873620592659346	0.0	2.3464400285665663	5.533802087832501	RANDOM
forWords_Turkish_RandomOrder_Coarse_FineSurprisal.py	4319680-RANDOM	RANDOM	7	3.1873620592659346	0.0	2.3464400285665663	5.533802087832501	RANDOM
forWords_Turkish_RandomOrder_Coarse_FineSurprisal.py	4319680-RANDOM	RANDOM	8	3.1873620592659346	0.0	2.3464400285665663	5.533802087832501	RANDOM
forWords_Turkish_RandomOrder_Coarse_FineSurprisal.py	4319680-RANDOM	RANDOM	9	3.1873620592659346	0.0	2.3464400285665663	5.533802087832501	RANDOM
forWords_Turkish_RandomOrder_Coarse_FineSurprisal.py	4319680-RANDOM	RANDOM	10	3.1873620592659346	0.0	2.3464400285665663	5.533802087832501	RANDOM
forWords_Turkish_RandomOrder_Coarse_FineSurprisal.py	4319680-RANDOM	RANDOM	11	3.1873620592659346	0	2.3464400285665663	5.533802087832501	RANDOM
forWords_Turkish_RandomOrder_Coarse_FineSurprisal.py	4631913-RANDOM	RANDOM	0	5.533802087832501	2.352295012109039	0	5.533802087832501	RANDOM
forWords_Turkish_RandomOrder_Coarse_FineSurprisal.py	4631913-RANDOM	RANDOM	1	3.181507075723462	0.0	2.352295012109039	5.533802087832501	RANDOM
forWords_Turkish_RandomOrder_Coarse_FineSurprisal.py	4631913-RANDOM	RANDOM	2	3.181507075723462	0.0	2.352295012109039	5.533802087832501	RANDOM
forWords_Turkish_RandomOrder_Coarse_FineSurprisal.py	4631913-RANDOM	RANDOM	3	3.181507075723462	0.0	2.352295012109039	5.533802087832501	RANDOM
forWords_Turkish_RandomOrder_Coarse_FineSurprisal.py	4631913-RANDOM	RANDOM	4	3.181507075723462	0.0	2.352295012109039	5.533802087832501	RANDOM
forWords_Turkish_RandomOrder_Coarse_FineSurprisal.py	4631913-RANDOM	RANDOM	5	3.181507075723462	0.0	2.352295012109039	5.533802087832501	RANDOM
forWords_Turkish_RandomOrder_Coarse_FineSurprisal.py	4631913-RANDOM	RANDOM	6	3.181507075723462	0.0	2.352295012109039	5.533802087832501	RANDOM
forWords_Turkish_RandomOrder_Coarse_FineSurprisal.py	4631913-RANDOM	RANDOM	7	3.181507075723462	0.0	2.352295012109039	5.533802087832501	RANDOM
forWords_Turkish_RandomOrder_Coarse_FineSurprisal.py	4631913-RANDOM	RANDOM	8	3.181507075723462	0.0	2.352295012109039	5.533802087832501	RANDOM
forWords_Turkish_RandomOrder_Coarse_FineSurprisal.py	4631913-RANDOM	RANDOM	9	3.181507075723462	0.0	2.352295012109039	5.533802087832501	RANDOM
forWords_Turkish_RandomOrder_Coarse_FineSurprisal.py	4631913-RANDOM	RANDOM	10	3.181507075723462	0.0	2.352295012109039	5.533802087832501	RANDOM
forWords_Turkish_RandomOrder_Coarse_FineSurprisal.py	4631913-RANDOM	RANDOM	11	3.181507075723462	0	2.352295012109039	5.533802087832501	RANDOM
forWords_Turkish_RandomOrder_Coarse_FineSurprisal.py	500944-RANDOM	RANDOM	0	5.533802087832501	2.3489424921941504	0	5.533802087832501	RANDOM
forWords_Turkish_RandomOrder_Coarse_FineSurprisal.py	500944-RANDOM	RANDOM	1	3.1848595956383505	0.0	2.3489424921941504	5.533802087832501	RANDOM
forWords_Turkish_RandomOrder_Coarse_FineSurprisal.py	500944-RANDOM	RANDOM	2	3.1848595956383505	0.0	2.3489424921941504	5.533802087832501	RANDOM
forWords_Turkish_RandomOrder_Coarse_FineSurprisal.py	500944-RANDOM	RANDOM	3	3.1848595956383505	0.0	2.3489424921941504	5.533802087832501	RANDOM
forWords_Turkish_RandomOrder_Coarse_FineSurprisal.py	500944-RANDOM	RANDOM	4	3.1848595956383505	0.0	2.3489424921941504	5.533802087832501	RANDOM
forWords_Turkish_RandomOrder_Coarse_FineSurprisal.py	500944-RANDOM	RANDOM	5	3.1848595956383505	0.0	2.3489424921941504	5.533802087832501	RANDOM
forWords_Turkish_RandomOrder_Coarse_FineSurprisal.py	500944-RANDOM	RANDOM	6	3.1848595956383505	0.0	2.3489424921941504	5.533802087832501	RANDOM
forWords_Turkish_RandomOrder_Coarse_FineSurprisal.py	500944-RANDOM	RANDOM	7	3.1848595956383505	0.0	2.3489424921941504	5.533802087832501	RANDOM
forWords_Turkish_RandomOrder_Coarse_FineSurprisal.py	500944-RANDOM	RANDOM	8	3.1848595956383505	0.0	2.3489424921941504	5.533802087832501	RANDOM
forWords_Turkish_RandomOrder_Coarse_FineSurprisal.py	500944-RANDOM	RANDOM	9	3.1848595956383505	0.0	2.3489424921941504	5.533802087832501	RANDOM
forWords_Turkish_RandomOrder_Coarse_FineSurprisal.py	500944-RANDOM	RANDOM	10	3.1848595956383505	0.0	2.3489424921941504	5.533802087832501	RANDOM
forWords_Turkish_RandomOrder_Coarse_FineSurprisal.py	500944-RANDOM	RANDOM	11	3.1848595956383505	0	2.3489424921941504	5.533802087832501	RANDOM
forWords_Turkish_RandomOrder_Coarse_FineSurprisal.py	5068219-RANDOM	RANDOM	0	5.533802087832501	2.3531464712775096	0	5.533802087832501	RANDOM
forWords_Turkish_RandomOrder_Coarse_FineSurprisal.py	5068219-RANDOM	RANDOM	1	3.1806556165549913	0.0	2.3531464712775096	5.533802087832501	RANDOM
forWords_Turkish_RandomOrder_Coarse_FineSurprisal.py	5068219-RANDOM	RANDOM	2	3.1806556165549913	0.0	2.3531464712775096	5.533802087832501	RANDOM
forWords_Turkish_RandomOrder_Coarse_FineSurprisal.py	5068219-RANDOM	RANDOM	3	3.1806556165549913	0.0	2.3531464712775096	5.533802087832501	RANDOM
forWords_Turkish_RandomOrder_Coarse_FineSurprisal.py	5068219-RANDOM	RANDOM	4	3.1806556165549913	0.0	2.3531464712775096	5.533802087832501	RANDOM
forWords_Turkish_RandomOrder_Coarse_FineSurprisal.py	5068219-RANDOM	RANDOM	5	3.1806556165549913	0.0	2.3531464712775096	5.533802087832501	RANDOM
forWords_Turkish_RandomOrder_Coarse_FineSurprisal.py	5068219-RANDOM	RANDOM	6	3.1806556165549913	0.0	2.3531464712775096	5.533802087832501	RANDOM
forWords_Turkish_RandomOrder_Coarse_FineSurprisal.py	5068219-RANDOM	RANDOM	7	3.1806556165549913	0.0	2.3531464712775096	5.533802087832501	RANDOM
forWords_Turkish_RandomOrder_Coarse_FineSurprisal.py	5068219-RANDOM	RANDOM	8	3.1806556165549913	0.0	2.3531464712775096	5.533802087832501	RANDOM
forWords_Turkish_RandomOrder_Coarse_FineSurprisal.py	5068219-RANDOM	RANDOM	9	3.1806556165549913	0.0	2.3531464712775096	5.533802087832501	RANDOM
forWords_Turkish_RandomOrder_Coarse_FineSurprisal.py	5068219-RANDOM	RANDOM	10	3.1806556165549913	0.0	2.3531464712775096	5.533802087832501	RANDOM
forWords_Turkish_RandomOrder_Coarse_FineSurprisal.py	5068219-RANDOM	RANDOM	11	3.1806556165549913	0	2.3531464712775096	5.533802087832501	RANDOM
forWords_Turkish_RandomOrder_Coarse_FineSurprisal.py	5350832-RANDOM	RANDOM	0	5.533802087832501	2.324837191929659	0	5.533802087832501	RANDOM
forWords_Turkish_RandomOrder_Coarse_FineSurprisal.py	5350832-RANDOM	RANDOM	1	3.208964895902842	0.0	2.324837191929659	5.533802087832501	RANDOM
forWords_Turkish_RandomOrder_Coarse_FineSurprisal.py	5350832-RANDOM	RANDOM	2	3.208964895902842	0.0	2.324837191929659	5.533802087832501	RANDOM
forWords_Turkish_RandomOrder_Coarse_FineSurprisal.py	5350832-RANDOM	RANDOM	3	3.208964895902842	0.0	2.324837191929659	5.533802087832501	RANDOM
forWords_Turkish_RandomOrder_Coarse_FineSurprisal.py	5350832-RANDOM	RANDOM	4	3.208964895902842	0.0	2.324837191929659	5.533802087832501	RANDOM
forWords_Turkish_RandomOrder_Coarse_FineSurprisal.py	5350832-RANDOM	RANDOM	5	3.208964895902842	0.0	2.324837191929659	5.533802087832501	RANDOM
forWords_Turkish_RandomOrder_Coarse_FineSurprisal.py	5350832-RANDOM	RANDOM	6	3.208964895902842	0.0	2.324837191929659	5.533802087832501	RANDOM
forWords_Turkish_RandomOrder_Coarse_FineSurprisal.py	5350832-RANDOM	RANDOM	7	3.208964895902842	0.0	2.324837191929659	5.533802087832501	RANDOM
forWords_Turkish_RandomOrder_Coarse_FineSurprisal.py	5350832-RANDOM	RANDOM	8	3.208964895902842	0.0	2.324837191929659	5.533802087832501	RANDOM
forWords_Turkish_RandomOrder_Coarse_FineSurprisal.py	5350832-RANDOM	RANDOM	9	3.208964895902842	0.0	2.324837191929659	5.533802087832501	RANDOM
forWords_Turkish_RandomOrder_Coarse_FineSurprisal.py	5350832-RANDOM	RANDOM	10	3.208964895902842	0.0	2.324837191929659	5.533802087832501	RANDOM
forWords_Turkish_RandomOrder_Coarse_FineSurprisal.py	5350832-RANDOM	RANDOM	11	3.208964895902842	0	2.324837191929659	5.533802087832501	RANDOM
forWords_Turkish_RandomOrder_Coarse_FineSurprisal.py	5496415-RANDOM	RANDOM	0	5.533802087832501	2.3810318718572523	0	5.533802087832501	RANDOM
forWords_Turkish_RandomOrder_Coarse_FineSurprisal.py	5496415-RANDOM	RANDOM	1	3.1527702159752486	0.0	2.3810318718572523	5.533802087832501	RANDOM
forWords_Turkish_RandomOrder_Coarse_FineSurprisal.py	5496415-RANDOM	RANDOM	2	3.1527702159752486	0.0	2.3810318718572523	5.533802087832501	RANDOM
forWords_Turkish_RandomOrder_Coarse_FineSurprisal.py	5496415-RANDOM	RANDOM	3	3.1527702159752486	0.0	2.3810318718572523	5.533802087832501	RANDOM
forWords_Turkish_RandomOrder_Coarse_FineSurprisal.py	5496415-RANDOM	RANDOM	4	3.1527702159752486	0.0	2.3810318718572523	5.533802087832501	RANDOM
forWords_Turkish_RandomOrder_Coarse_FineSurprisal.py	5496415-RANDOM	RANDOM	5	3.1527702159752486	0.0	2.3810318718572523	5.533802087832501	RANDOM
forWords_Turkish_RandomOrder_Coarse_FineSurprisal.py	5496415-RANDOM	RANDOM	6	3.1527702159752486	0.0	2.3810318718572523	5.533802087832501	RANDOM
forWords_Turkish_RandomOrder_Coarse_FineSurprisal.py	5496415-RANDOM	RANDOM	7	3.1527702159752486	0.0	2.3810318718572523	5.533802087832501	RANDOM
forWords_Turkish_RandomOrder_Coarse_FineSurprisal.py	5496415-RANDOM	RANDOM	8	3.1527702159752486	0.0	2.3810318718572523	5.533802087832501	RANDOM
forWords_Turkish_RandomOrder_Coarse_FineSurprisal.py	5496415-RANDOM	RANDOM	9	3.1527702159752486	0.0	2.3810318718572523	5.533802087832501	RANDOM
forWords_Turkish_RandomOrder_Coarse_FineSurprisal.py	5496415-RANDOM	RANDOM	10	3.1527702159752486	0.0	2.3810318718572523	5.533802087832501	RANDOM
forWords_Turkish_RandomOrder_Coarse_FineSurprisal.py	5496415-RANDOM	RANDOM	11	3.1527702159752486	0	2.3810318718572523	5.533802087832501	RANDOM
forWords_Turkish_RandomOrder_Coarse_FineSurprisal.py	6016843-RANDOM	RANDOM	0	5.533802087832501	2.3112887519825613	0	5.533802087832501	RANDOM
forWords_Turkish_RandomOrder_Coarse_FineSurprisal.py	6016843-RANDOM	RANDOM	1	3.2225133358499396	0.0	2.3112887519825613	5.533802087832501	RANDOM
forWords_Turkish_RandomOrder_Coarse_FineSurprisal.py	6016843-RANDOM	RANDOM	2	3.2225133358499396	0.0	2.3112887519825613	5.533802087832501	RANDOM
forWords_Turkish_RandomOrder_Coarse_FineSurprisal.py	6016843-RANDOM	RANDOM	3	3.2225133358499396	0.0	2.3112887519825613	5.533802087832501	RANDOM
forWords_Turkish_RandomOrder_Coarse_FineSurprisal.py	6016843-RANDOM	RANDOM	4	3.2225133358499396	0.0	2.3112887519825613	5.533802087832501	RANDOM
forWords_Turkish_RandomOrder_Coarse_FineSurprisal.py	6016843-RANDOM	RANDOM	5	3.2225133358499396	0.0	2.3112887519825613	5.533802087832501	RANDOM
forWords_Turkish_RandomOrder_Coarse_FineSurprisal.py	6016843-RANDOM	RANDOM	6	3.2225133358499396	0.0	2.3112887519825613	5.533802087832501	RANDOM
forWords_Turkish_RandomOrder_Coarse_FineSurprisal.py	6016843-RANDOM	RANDOM	7	3.2225133358499396	0.0	2.3112887519825613	5.533802087832501	RANDOM
forWords_Turkish_RandomOrder_Coarse_FineSurprisal.py	6016843-RANDOM	RANDOM	8	3.2225133358499396	0.0	2.3112887519825613	5.533802087832501	RANDOM
forWords_Turkish_RandomOrder_Coarse_FineSurprisal.py	6016843-RANDOM	RANDOM	9	3.2225133358499396	0.0	2.3112887519825613	5.533802087832501	RANDOM
forWords_Turkish_RandomOrder_Coarse_FineSurprisal.py	6016843-RANDOM	RANDOM	10	3.2225133358499396	0.0	2.3112887519825613	5.533802087832501	RANDOM
forWords_Turkish_RandomOrder_Coarse_FineSurprisal.py	6016843-RANDOM	RANDOM	11	3.2225133358499396	0	2.3112887519825613	5.533802087832501	RANDOM
forWords_Turkish_RandomOrder_Coarse_FineSurprisal.py	623271-RANDOM	RANDOM	0	5.533802087832501	2.361865185309592	0	5.533802087832501	RANDOM
forWords_Turkish_RandomOrder_Coarse_FineSurprisal.py	623271-RANDOM	RANDOM	1	3.171936902522909	0.0	2.361865185309592	5.533802087832501	RANDOM
forWords_Turkish_RandomOrder_Coarse_FineSurprisal.py	623271-RANDOM	RANDOM	2	3.171936902522909	0.0	2.361865185309592	5.533802087832501	RANDOM
forWords_Turkish_RandomOrder_Coarse_FineSurprisal.py	623271-RANDOM	RANDOM	3	3.171936902522909	0.0	2.361865185309592	5.533802087832501	RANDOM
forWords_Turkish_RandomOrder_Coarse_FineSurprisal.py	623271-RANDOM	RANDOM	4	3.171936902522909	0.0	2.361865185309592	5.533802087832501	RANDOM
forWords_Turkish_RandomOrder_Coarse_FineSurprisal.py	623271-RANDOM	RANDOM	5	3.171936902522909	0.0	2.361865185309592	5.533802087832501	RANDOM
forWords_Turkish_RandomOrder_Coarse_FineSurprisal.py	623271-RANDOM	RANDOM	6	3.171936902522909	0.0	2.361865185309592	5.533802087832501	RANDOM
forWords_Turkish_RandomOrder_Coarse_FineSurprisal.py	623271-RANDOM	RANDOM	7	3.171936902522909	0.0	2.361865185309592	5.533802087832501	RANDOM
forWords_Turkish_RandomOrder_Coarse_FineSurprisal.py	623271-RANDOM	RANDOM	8	3.171936902522909	0.0	2.361865185309592	5.533802087832501	RANDOM
forWords_Turkish_RandomOrder_Coarse_FineSurprisal.py	623271-RANDOM	RANDOM	9	3.171936902522909	0.0	2.361865185309592	5.533802087832501	RANDOM
forWords_Turkish_RandomOrder_Coarse_FineSurprisal.py	623271-RANDOM	RANDOM	10	3.171936902522909	0.0	2.361865185309592	5.533802087832501	RANDOM
forWords_Turkish_RandomOrder_Coarse_FineSurprisal.py	623271-RANDOM	RANDOM	11	3.171936902522909	0	2.361865185309592	5.533802087832501	RANDOM
forWords_Turkish_RandomOrder_Coarse_FineSurprisal.py	6313933-RANDOM	RANDOM	0	5.533802087832501	2.331710449254872	0	5.533802087832501	RANDOM
forWords_Turkish_RandomOrder_Coarse_FineSurprisal.py	6313933-RANDOM	RANDOM	1	3.202091638577629	0.0	2.331710449254872	5.533802087832501	RANDOM
forWords_Turkish_RandomOrder_Coarse_FineSurprisal.py	6313933-RANDOM	RANDOM	2	3.202091638577629	0.0	2.331710449254872	5.533802087832501	RANDOM
forWords_Turkish_RandomOrder_Coarse_FineSurprisal.py	6313933-RANDOM	RANDOM	3	3.202091638577629	0.0	2.331710449254872	5.533802087832501	RANDOM
forWords_Turkish_RandomOrder_Coarse_FineSurprisal.py	6313933-RANDOM	RANDOM	4	3.202091638577629	0.0	2.331710449254872	5.533802087832501	RANDOM
forWords_Turkish_RandomOrder_Coarse_FineSurprisal.py	6313933-RANDOM	RANDOM	5	3.202091638577629	0.0	2.331710449254872	5.533802087832501	RANDOM
forWords_Turkish_RandomOrder_Coarse_FineSurprisal.py	6313933-RANDOM	RANDOM	6	3.202091638577629	0.0	2.331710449254872	5.533802087832501	RANDOM
forWords_Turkish_RandomOrder_Coarse_FineSurprisal.py	6313933-RANDOM	RANDOM	7	3.202091638577629	0.0	2.331710449254872	5.533802087832501	RANDOM
forWords_Turkish_RandomOrder_Coarse_FineSurprisal.py	6313933-RANDOM	RANDOM	8	3.202091638577629	0.0	2.331710449254872	5.533802087832501	RANDOM
forWords_Turkish_RandomOrder_Coarse_FineSurprisal.py	6313933-RANDOM	RANDOM	9	3.202091638577629	0.0	2.331710449254872	5.533802087832501	RANDOM
forWords_Turkish_RandomOrder_Coarse_FineSurprisal.py	6313933-RANDOM	RANDOM	10	3.202091638577629	0.0	2.331710449254872	5.533802087832501	RANDOM
forWords_Turkish_RandomOrder_Coarse_FineSurprisal.py	6313933-RANDOM	RANDOM	11	3.202091638577629	0	2.331710449254872	5.533802087832501	RANDOM
forWords_Turkish_RandomOrder_Coarse_FineSurprisal.py	6405747-RANDOM	RANDOM	0	5.533802087832501	2.314678131023943	0	5.533802087832501	RANDOM
forWords_Turkish_RandomOrder_Coarse_FineSurprisal.py	6405747-RANDOM	RANDOM	1	3.219123956808558	0.0	2.314678131023943	5.533802087832501	RANDOM
forWords_Turkish_RandomOrder_Coarse_FineSurprisal.py	6405747-RANDOM	RANDOM	2	3.219123956808558	0.0	2.314678131023943	5.533802087832501	RANDOM
forWords_Turkish_RandomOrder_Coarse_FineSurprisal.py	6405747-RANDOM	RANDOM	3	3.219123956808558	0.0	2.314678131023943	5.533802087832501	RANDOM
forWords_Turkish_RandomOrder_Coarse_FineSurprisal.py	6405747-RANDOM	RANDOM	4	3.219123956808558	0.0	2.314678131023943	5.533802087832501	RANDOM
forWords_Turkish_RandomOrder_Coarse_FineSurprisal.py	6405747-RANDOM	RANDOM	5	3.219123956808558	0.0	2.314678131023943	5.533802087832501	RANDOM
forWords_Turkish_RandomOrder_Coarse_FineSurprisal.py	6405747-RANDOM	RANDOM	6	3.219123956808558	0.0	2.314678131023943	5.533802087832501	RANDOM
forWords_Turkish_RandomOrder_Coarse_FineSurprisal.py	6405747-RANDOM	RANDOM	7	3.219123956808558	0.0	2.314678131023943	5.533802087832501	RANDOM
forWords_Turkish_RandomOrder_Coarse_FineSurprisal.py	6405747-RANDOM	RANDOM	8	3.219123956808558	0.0	2.314678131023943	5.533802087832501	RANDOM
forWords_Turkish_RandomOrder_Coarse_FineSurprisal.py	6405747-RANDOM	RANDOM	9	3.219123956808558	0.0	2.314678131023943	5.533802087832501	RANDOM
forWords_Turkish_RandomOrder_Coarse_FineSurprisal.py	6405747-RANDOM	RANDOM	10	3.219123956808558	0.0	2.314678131023943	5.533802087832501	RANDOM
forWords_Turkish_RandomOrder_Coarse_FineSurprisal.py	6405747-RANDOM	RANDOM	11	3.219123956808558	0	2.314678131023943	5.533802087832501	RANDOM
forWords_Turkish_RandomOrder_Coarse_FineSurprisal.py	6703267-RANDOM	RANDOM	0	5.533802087832501	2.3297957583856492	0	5.533802087832501	RANDOM
forWords_Turkish_RandomOrder_Coarse_FineSurprisal.py	6703267-RANDOM	RANDOM	1	3.2040063294468517	0.0	2.3297957583856492	5.533802087832501	RANDOM
forWords_Turkish_RandomOrder_Coarse_FineSurprisal.py	6703267-RANDOM	RANDOM	2	3.2040063294468517	0.0	2.3297957583856492	5.533802087832501	RANDOM
forWords_Turkish_RandomOrder_Coarse_FineSurprisal.py	6703267-RANDOM	RANDOM	3	3.2040063294468517	0.0	2.3297957583856492	5.533802087832501	RANDOM
forWords_Turkish_RandomOrder_Coarse_FineSurprisal.py	6703267-RANDOM	RANDOM	4	3.2040063294468517	0.0	2.3297957583856492	5.533802087832501	RANDOM
forWords_Turkish_RandomOrder_Coarse_FineSurprisal.py	6703267-RANDOM	RANDOM	5	3.2040063294468517	0.0	2.3297957583856492	5.533802087832501	RANDOM
forWords_Turkish_RandomOrder_Coarse_FineSurprisal.py	6703267-RANDOM	RANDOM	6	3.2040063294468517	0.0	2.3297957583856492	5.533802087832501	RANDOM
forWords_Turkish_RandomOrder_Coarse_FineSurprisal.py	6703267-RANDOM	RANDOM	7	3.2040063294468517	0.0	2.3297957583856492	5.533802087832501	RANDOM
forWords_Turkish_RandomOrder_Coarse_FineSurprisal.py	6703267-RANDOM	RANDOM	8	3.2040063294468517	0.0	2.3297957583856492	5.533802087832501	RANDOM
forWords_Turkish_RandomOrder_Coarse_FineSurprisal.py	6703267-RANDOM	RANDOM	9	3.2040063294468517	0.0	2.3297957583856492	5.533802087832501	RANDOM
forWords_Turkish_RandomOrder_Coarse_FineSurprisal.py	6703267-RANDOM	RANDOM	10	3.2040063294468517	0.0	2.3297957583856492	5.533802087832501	RANDOM
forWords_Turkish_RandomOrder_Coarse_FineSurprisal.py	6703267-RANDOM	RANDOM	11	3.2040063294468517	0	2.3297957583856492	5.533802087832501	RANDOM
forWords_Turkish_RandomOrder_Coarse_FineSurprisal.py	6966251-RANDOM	RANDOM	0	5.533802087832501	2.332430675261247	0	5.533802087832501	RANDOM
forWords_Turkish_RandomOrder_Coarse_FineSurprisal.py	6966251-RANDOM	RANDOM	1	3.201371412571254	0.0	2.332430675261247	5.533802087832501	RANDOM
forWords_Turkish_RandomOrder_Coarse_FineSurprisal.py	6966251-RANDOM	RANDOM	2	3.201371412571254	0.0	2.332430675261247	5.533802087832501	RANDOM
forWords_Turkish_RandomOrder_Coarse_FineSurprisal.py	6966251-RANDOM	RANDOM	3	3.201371412571254	0.0	2.332430675261247	5.533802087832501	RANDOM
forWords_Turkish_RandomOrder_Coarse_FineSurprisal.py	6966251-RANDOM	RANDOM	4	3.201371412571254	0.0	2.332430675261247	5.533802087832501	RANDOM
forWords_Turkish_RandomOrder_Coarse_FineSurprisal.py	6966251-RANDOM	RANDOM	5	3.201371412571254	0.0	2.332430675261247	5.533802087832501	RANDOM
forWords_Turkish_RandomOrder_Coarse_FineSurprisal.py	6966251-RANDOM	RANDOM	6	3.201371412571254	0.0	2.332430675261247	5.533802087832501	RANDOM
forWords_Turkish_RandomOrder_Coarse_FineSurprisal.py	6966251-RANDOM	RANDOM	7	3.201371412571254	0.0	2.332430675261247	5.533802087832501	RANDOM
forWords_Turkish_RandomOrder_Coarse_FineSurprisal.py	6966251-RANDOM	RANDOM	8	3.201371412571254	0.0	2.332430675261247	5.533802087832501	RANDOM
forWords_Turkish_RandomOrder_Coarse_FineSurprisal.py	6966251-RANDOM	RANDOM	9	3.201371412571254	0.0	2.332430675261247	5.533802087832501	RANDOM
forWords_Turkish_RandomOrder_Coarse_FineSurprisal.py	6966251-RANDOM	RANDOM	10	3.201371412571254	0.0	2.332430675261247	5.533802087832501	RANDOM
forWords_Turkish_RandomOrder_Coarse_FineSurprisal.py	6966251-RANDOM	RANDOM	11	3.201371412571254	0	2.332430675261247	5.533802087832501	RANDOM
forWords_Turkish_RandomOrder_Coarse_FineSurprisal.py	8617629-RANDOM	RANDOM	0	5.533802087832501	2.3359689871215013	0	5.533802087832501	RANDOM
forWords_Turkish_RandomOrder_Coarse_FineSurprisal.py	8617629-RANDOM	RANDOM	1	3.1978331007109997	0.0	2.3359689871215013	5.533802087832501	RANDOM
forWords_Turkish_RandomOrder_Coarse_FineSurprisal.py	8617629-RANDOM	RANDOM	2	3.1978331007109997	0.0	2.3359689871215013	5.533802087832501	RANDOM
forWords_Turkish_RandomOrder_Coarse_FineSurprisal.py	8617629-RANDOM	RANDOM	3	3.1978331007109997	0.0	2.3359689871215013	5.533802087832501	RANDOM
forWords_Turkish_RandomOrder_Coarse_FineSurprisal.py	8617629-RANDOM	RANDOM	4	3.1978331007109997	0.0	2.3359689871215013	5.533802087832501	RANDOM
forWords_Turkish_RandomOrder_Coarse_FineSurprisal.py	8617629-RANDOM	RANDOM	5	3.1978331007109997	0.0	2.3359689871215013	5.533802087832501	RANDOM
forWords_Turkish_RandomOrder_Coarse_FineSurprisal.py	8617629-RANDOM	RANDOM	6	3.1978331007109997	0.0	2.3359689871215013	5.533802087832501	RANDOM
forWords_Turkish_RandomOrder_Coarse_FineSurprisal.py	8617629-RANDOM	RANDOM	7	3.1978331007109997	0.0	2.3359689871215013	5.533802087832501	RANDOM
forWords_Turkish_RandomOrder_Coarse_FineSurprisal.py	8617629-RANDOM	RANDOM	8	3.1978331007109997	0.0	2.3359689871215013	5.533802087832501	RANDOM
forWords_Turkish_RandomOrder_Coarse_FineSurprisal.py	8617629-RANDOM	RANDOM	9	3.1978331007109997	0.0	2.3359689871215013	5.533802087832501	RANDOM
forWords_Turkish_RandomOrder_Coarse_FineSurprisal.py	8617629-RANDOM	RANDOM	10	3.1978331007109997	0.0	2.3359689871215013	5.533802087832501	RANDOM
forWords_Turkish_RandomOrder_Coarse_FineSurprisal.py	8617629-RANDOM	RANDOM	11	3.1978331007109997	0	2.3359689871215013	5.533802087832501	RANDOM
forWords_Turkish_RandomOrder_Coarse_FineSurprisal.py	8902026-RANDOM	RANDOM	0	5.533802087832501	2.3406676017109262	0	5.533802087832501	RANDOM
forWords_Turkish_RandomOrder_Coarse_FineSurprisal.py	8902026-RANDOM	RANDOM	1	3.1931344861215747	0.0	2.3406676017109262	5.533802087832501	RANDOM
forWords_Turkish_RandomOrder_Coarse_FineSurprisal.py	8902026-RANDOM	RANDOM	2	3.1931344861215747	0.0	2.3406676017109262	5.533802087832501	RANDOM
forWords_Turkish_RandomOrder_Coarse_FineSurprisal.py	8902026-RANDOM	RANDOM	3	3.1931344861215747	0.0	2.3406676017109262	5.533802087832501	RANDOM
forWords_Turkish_RandomOrder_Coarse_FineSurprisal.py	8902026-RANDOM	RANDOM	4	3.1931344861215747	0.0	2.3406676017109262	5.533802087832501	RANDOM
forWords_Turkish_RandomOrder_Coarse_FineSurprisal.py	8902026-RANDOM	RANDOM	5	3.1931344861215747	0.0	2.3406676017109262	5.533802087832501	RANDOM
forWords_Turkish_RandomOrder_Coarse_FineSurprisal.py	8902026-RANDOM	RANDOM	6	3.1931344861215747	0.0	2.3406676017109262	5.533802087832501	RANDOM
forWords_Turkish_RandomOrder_Coarse_FineSurprisal.py	8902026-RANDOM	RANDOM	7	3.1931344861215747	0.0	2.3406676017109262	5.533802087832501	RANDOM
forWords_Turkish_RandomOrder_Coarse_FineSurprisal.py	8902026-RANDOM	RANDOM	8	3.1931344861215747	0.0	2.3406676017109262	5.533802087832501	RANDOM
forWords_Turkish_RandomOrder_Coarse_FineSurprisal.py	8902026-RANDOM	RANDOM	9	3.1931344861215747	0.0	2.3406676017109262	5.533802087832501	RANDOM
forWords_Turkish_RandomOrder_Coarse_FineSurprisal.py	8902026-RANDOM	RANDOM	10	3.1931344861215747	0.0	2.3406676017109262	5.533802087832501	RANDOM
forWords_Turkish_RandomOrder_Coarse_FineSurprisal.py	8902026-RANDOM	RANDOM	11	3.1931344861215747	0	2.3406676017109262	5.533802087832501	RANDOM
forWords_Turkish_RandomOrder_Coarse_FineSurprisal.py	8918489-RANDOM	RANDOM	0	5.533802087832501	2.323547199674865	0	5.533802087832501	RANDOM
forWords_Turkish_RandomOrder_Coarse_FineSurprisal.py	8918489-RANDOM	RANDOM	1	3.210254888157636	0.0	2.323547199674865	5.533802087832501	RANDOM
forWords_Turkish_RandomOrder_Coarse_FineSurprisal.py	8918489-RANDOM	RANDOM	2	3.210254888157636	0.0	2.323547199674865	5.533802087832501	RANDOM
forWords_Turkish_RandomOrder_Coarse_FineSurprisal.py	8918489-RANDOM	RANDOM	3	3.210254888157636	0.0	2.323547199674865	5.533802087832501	RANDOM
forWords_Turkish_RandomOrder_Coarse_FineSurprisal.py	8918489-RANDOM	RANDOM	4	3.210254888157636	0.0	2.323547199674865	5.533802087832501	RANDOM
forWords_Turkish_RandomOrder_Coarse_FineSurprisal.py	8918489-RANDOM	RANDOM	5	3.210254888157636	0.0	2.323547199674865	5.533802087832501	RANDOM
forWords_Turkish_RandomOrder_Coarse_FineSurprisal.py	8918489-RANDOM	RANDOM	6	3.210254888157636	0.0	2.323547199674865	5.533802087832501	RANDOM
forWords_Turkish_RandomOrder_Coarse_FineSurprisal.py	8918489-RANDOM	RANDOM	7	3.210254888157636	0.0	2.323547199674865	5.533802087832501	RANDOM
forWords_Turkish_RandomOrder_Coarse_FineSurprisal.py	8918489-RANDOM	RANDOM	8	3.210254888157636	0.0	2.323547199674865	5.533802087832501	RANDOM
forWords_Turkish_RandomOrder_Coarse_FineSurprisal.py	8918489-RANDOM	RANDOM	9	3.210254888157636	0.0	2.323547199674865	5.533802087832501	RANDOM
forWords_Turkish_RandomOrder_Coarse_FineSurprisal.py	8918489-RANDOM	RANDOM	10	3.210254888157636	0.0	2.323547199674865	5.533802087832501	RANDOM
forWords_Turkish_RandomOrder_Coarse_FineSurprisal.py	8918489-RANDOM	RANDOM	11	3.210254888157636	0	2.323547199674865	5.533802087832501	RANDOM
forWords_Turkish_RandomOrder_Coarse_FineSurprisal.py	8951710-RANDOM	RANDOM	0	5.533802087832501	2.331919889222588	0	5.533802087832501	RANDOM
forWords_Turkish_RandomOrder_Coarse_FineSurprisal.py	8951710-RANDOM	RANDOM	1	3.201882198609913	0.0	2.331919889222588	5.533802087832501	RANDOM
forWords_Turkish_RandomOrder_Coarse_FineSurprisal.py	8951710-RANDOM	RANDOM	2	3.201882198609913	0.0	2.331919889222588	5.533802087832501	RANDOM
forWords_Turkish_RandomOrder_Coarse_FineSurprisal.py	8951710-RANDOM	RANDOM	3	3.201882198609913	0.0	2.331919889222588	5.533802087832501	RANDOM
forWords_Turkish_RandomOrder_Coarse_FineSurprisal.py	8951710-RANDOM	RANDOM	4	3.201882198609913	0.0	2.331919889222588	5.533802087832501	RANDOM
forWords_Turkish_RandomOrder_Coarse_FineSurprisal.py	8951710-RANDOM	RANDOM	5	3.201882198609913	0.0	2.331919889222588	5.533802087832501	RANDOM
forWords_Turkish_RandomOrder_Coarse_FineSurprisal.py	8951710-RANDOM	RANDOM	6	3.201882198609913	0.0	2.331919889222588	5.533802087832501	RANDOM
forWords_Turkish_RandomOrder_Coarse_FineSurprisal.py	8951710-RANDOM	RANDOM	7	3.201882198609913	0.0	2.331919889222588	5.533802087832501	RANDOM
forWords_Turkish_RandomOrder_Coarse_FineSurprisal.py	8951710-RANDOM	RANDOM	8	3.201882198609913	0.0	2.331919889222588	5.533802087832501	RANDOM
forWords_Turkish_RandomOrder_Coarse_FineSurprisal.py	8951710-RANDOM	RANDOM	9	3.201882198609913	0.0	2.331919889222588	5.533802087832501	RANDOM
forWords_Turkish_RandomOrder_Coarse_FineSurprisal.py	8951710-RANDOM	RANDOM	10	3.201882198609913	0.0	2.331919889222588	5.533802087832501	RANDOM
forWords_Turkish_RandomOrder_Coarse_FineSurprisal.py	8951710-RANDOM	RANDOM	11	3.201882198609913	0	2.331919889222588	5.533802087832501	RANDOM
forWords_Turkish_RandomOrder_Coarse_FineSurprisal.py	9007498-RANDOM	RANDOM	0	5.533802087832501	2.3336910048782356	0	5.533802087832501	RANDOM
forWords_Turkish_RandomOrder_Coarse_FineSurprisal.py	9007498-RANDOM	RANDOM	1	3.2001110829542654	0.0	2.3336910048782356	5.533802087832501	RANDOM
forWords_Turkish_RandomOrder_Coarse_FineSurprisal.py	9007498-RANDOM	RANDOM	2	3.2001110829542654	0.0	2.3336910048782356	5.533802087832501	RANDOM
forWords_Turkish_RandomOrder_Coarse_FineSurprisal.py	9007498-RANDOM	RANDOM	3	3.2001110829542654	0.0	2.3336910048782356	5.533802087832501	RANDOM
forWords_Turkish_RandomOrder_Coarse_FineSurprisal.py	9007498-RANDOM	RANDOM	4	3.2001110829542654	0.0	2.3336910048782356	5.533802087832501	RANDOM
forWords_Turkish_RandomOrder_Coarse_FineSurprisal.py	9007498-RANDOM	RANDOM	5	3.2001110829542654	0.0	2.3336910048782356	5.533802087832501	RANDOM
forWords_Turkish_RandomOrder_Coarse_FineSurprisal.py	9007498-RANDOM	RANDOM	6	3.2001110829542654	0.0	2.3336910048782356	5.533802087832501	RANDOM
forWords_Turkish_RandomOrder_Coarse_FineSurprisal.py	9007498-RANDOM	RANDOM	7	3.2001110829542654	0.0	2.3336910048782356	5.533802087832501	RANDOM
forWords_Turkish_RandomOrder_Coarse_FineSurprisal.py	9007498-RANDOM	RANDOM	8	3.2001110829542654	0.0	2.3336910048782356	5.533802087832501	RANDOM
forWords_Turkish_RandomOrder_Coarse_FineSurprisal.py	9007498-RANDOM	RANDOM	9	3.2001110829542654	0.0	2.3336910048782356	5.533802087832501	RANDOM
forWords_Turkish_RandomOrder_Coarse_FineSurprisal.py	9007498-RANDOM	RANDOM	10	3.2001110829542654	0.0	2.3336910048782356	5.533802087832501	RANDOM
forWords_Turkish_RandomOrder_Coarse_FineSurprisal.py	9007498-RANDOM	RANDOM	11	3.2001110829542654	0	2.3336910048782356	5.533802087832501	RANDOM
forWords_Turkish_RandomOrder_Coarse_FineSurprisal.py	9653885-RANDOM	RANDOM	0	5.533802087832501	2.358498699499483	0	5.533802087832501	RANDOM
forWords_Turkish_RandomOrder_Coarse_FineSurprisal.py	9653885-RANDOM	RANDOM	1	3.1753033883330177	0.0	2.358498699499483	5.533802087832501	RANDOM
forWords_Turkish_RandomOrder_Coarse_FineSurprisal.py	9653885-RANDOM	RANDOM	2	3.1753033883330177	0.0	2.358498699499483	5.533802087832501	RANDOM
forWords_Turkish_RandomOrder_Coarse_FineSurprisal.py	9653885-RANDOM	RANDOM	3	3.1753033883330177	0.0	2.358498699499483	5.533802087832501	RANDOM
forWords_Turkish_RandomOrder_Coarse_FineSurprisal.py	9653885-RANDOM	RANDOM	4	3.1753033883330177	0.0	2.358498699499483	5.533802087832501	RANDOM
forWords_Turkish_RandomOrder_Coarse_FineSurprisal.py	9653885-RANDOM	RANDOM	5	3.1753033883330177	0.0	2.358498699499483	5.533802087832501	RANDOM
forWords_Turkish_RandomOrder_Coarse_FineSurprisal.py	9653885-RANDOM	RANDOM	6	3.1753033883330177	0.0	2.358498699499483	5.533802087832501	RANDOM
forWords_Turkish_RandomOrder_Coarse_FineSurprisal.py	9653885-RANDOM	RANDOM	7	3.1753033883330177	0.0	2.358498699499483	5.533802087832501	RANDOM
forWords_Turkish_RandomOrder_Coarse_FineSurprisal.py	9653885-RANDOM	RANDOM	8	3.1753033883330177	0.0	2.358498699499483	5.533802087832501	RANDOM
forWords_Turkish_RandomOrder_Coarse_FineSurprisal.py	9653885-RANDOM	RANDOM	9	3.1753033883330177	0.0	2.358498699499483	5.533802087832501	RANDOM
forWords_Turkish_RandomOrder_Coarse_FineSurprisal.py	9653885-RANDOM	RANDOM	10	3.1753033883330177	0.0	2.358498699499483	5.533802087832501	RANDOM
forWords_Turkish_RandomOrder_Coarse_FineSurprisal.py	9653885-RANDOM	RANDOM	11	3.1753033883330177	0	2.358498699499483	5.533802087832501	RANDOM
forWords_Turkish_RandomOrder_Coarse_FineSurprisal.py	9669165-RANDOM	RANDOM	0	5.533802087832501	2.3650520318709383	0	5.533802087832501	RANDOM
forWords_Turkish_RandomOrder_Coarse_FineSurprisal.py	9669165-RANDOM	RANDOM	1	3.1687500559615627	0.0	2.3650520318709383	5.533802087832501	RANDOM
forWords_Turkish_RandomOrder_Coarse_FineSurprisal.py	9669165-RANDOM	RANDOM	2	3.1687500559615627	0.0	2.3650520318709383	5.533802087832501	RANDOM
forWords_Turkish_RandomOrder_Coarse_FineSurprisal.py	9669165-RANDOM	RANDOM	3	3.1687500559615627	0.0	2.3650520318709383	5.533802087832501	RANDOM
forWords_Turkish_RandomOrder_Coarse_FineSurprisal.py	9669165-RANDOM	RANDOM	4	3.1687500559615627	0.0	2.3650520318709383	5.533802087832501	RANDOM
forWords_Turkish_RandomOrder_Coarse_FineSurprisal.py	9669165-RANDOM	RANDOM	5	3.1687500559615627	0.0	2.3650520318709383	5.533802087832501	RANDOM
forWords_Turkish_RandomOrder_Coarse_FineSurprisal.py	9669165-RANDOM	RANDOM	6	3.1687500559615627	0.0	2.3650520318709383	5.533802087832501	RANDOM
forWords_Turkish_RandomOrder_Coarse_FineSurprisal.py	9669165-RANDOM	RANDOM	7	3.1687500559615627	0.0	2.3650520318709383	5.533802087832501	RANDOM
forWords_Turkish_RandomOrder_Coarse_FineSurprisal.py	9669165-RANDOM	RANDOM	8	3.1687500559615627	0.0	2.3650520318709383	5.533802087832501	RANDOM
forWords_Turkish_RandomOrder_Coarse_FineSurprisal.py	9669165-RANDOM	RANDOM	9	3.1687500559615627	0.0	2.3650520318709383	5.533802087832501	RANDOM
forWords_Turkish_RandomOrder_Coarse_FineSurprisal.py	9669165-RANDOM	RANDOM	10	3.1687500559615627	0.0	2.3650520318709383	5.533802087832501	RANDOM
forWords_Turkish_RandomOrder_Coarse_FineSurprisal.py	9669165-RANDOM	RANDOM	11	3.1687500559615627	0	2.3650520318709383	5.533802087832501	RANDOM
forWords_Turkish_RandomOrder_Coarse_FineSurprisal.py	9759596-RANDOM	RANDOM	0	5.533802087832501	2.3150382837974743	0	5.533802087832501	RANDOM
forWords_Turkish_RandomOrder_Coarse_FineSurprisal.py	9759596-RANDOM	RANDOM	1	3.2187638040350266	0.0	2.3150382837974743	5.533802087832501	RANDOM
forWords_Turkish_RandomOrder_Coarse_FineSurprisal.py	9759596-RANDOM	RANDOM	2	3.2187638040350266	0.0	2.3150382837974743	5.533802087832501	RANDOM
forWords_Turkish_RandomOrder_Coarse_FineSurprisal.py	9759596-RANDOM	RANDOM	3	3.2187638040350266	0.0	2.3150382837974743	5.533802087832501	RANDOM
forWords_Turkish_RandomOrder_Coarse_FineSurprisal.py	9759596-RANDOM	RANDOM	4	3.2187638040350266	0.0	2.3150382837974743	5.533802087832501	RANDOM
forWords_Turkish_RandomOrder_Coarse_FineSurprisal.py	9759596-RANDOM	RANDOM	5	3.2187638040350266	0.0	2.3150382837974743	5.533802087832501	RANDOM
forWords_Turkish_RandomOrder_Coarse_FineSurprisal.py	9759596-RANDOM	RANDOM	6	3.2187638040350266	0.0	2.3150382837974743	5.533802087832501	RANDOM
forWords_Turkish_RandomOrder_Coarse_FineSurprisal.py	9759596-RANDOM	RANDOM	7	3.2187638040350266	0.0	2.3150382837974743	5.533802087832501	RANDOM
forWords_Turkish_RandomOrder_Coarse_FineSurprisal.py	9759596-RANDOM	RANDOM	8	3.2187638040350266	0.0	2.3150382837974743	5.533802087832501	RANDOM
forWords_Turkish_RandomOrder_Coarse_FineSurprisal.py	9759596-RANDOM	RANDOM	9	3.2187638040350266	0.0	2.3150382837974743	5.533802087832501	RANDOM
forWords_Turkish_RandomOrder_Coarse_FineSurprisal.py	9759596-RANDOM	RANDOM	10	3.2187638040350266	0.0	2.3150382837974743	5.533802087832501	RANDOM
forWords_Turkish_RandomOrder_Coarse_FineSurprisal.py	9759596-RANDOM	RANDOM	11	3.2187638040350266	0	2.3150382837974743	5.533802087832501	RANDOM
forWords_Turkish_RandomOrder_Coarse_FineSurprisal.py	REAL	REAL	0	5.533802087832501	2.4068637262763546	0	5.533802087832501	REAL
forWords_Turkish_RandomOrder_Coarse_FineSurprisal.py	REAL	REAL	1	3.1269383615561464	0.0	2.4068637262763546	5.533802087832501	REAL
forWords_Turkish_RandomOrder_Coarse_FineSurprisal.py	REAL	REAL	2	3.1269383615561464	0.0	2.4068637262763546	5.533802087832501	REAL
forWords_Turkish_RandomOrder_Coarse_FineSurprisal.py	REAL	REAL	3	3.1269383615561464	0.0	2.4068637262763546	5.533802087832501	REAL
forWords_Turkish_RandomOrder_Coarse_FineSurprisal.py	REAL	REAL	4	3.1269383615561464	0.0	2.4068637262763546	5.533802087832501	REAL
forWords_Turkish_RandomOrder_Coarse_FineSurprisal.py	REAL	REAL	5	3.1269383615561464	0.0	2.4068637262763546	5.533802087832501	REAL
forWords_Turkish_RandomOrder_Coarse_FineSurprisal.py	REAL	REAL	6	3.1269383615561464	0.0	2.4068637262763546	5.533802087832501	REAL
forWords_Turkish_RandomOrder_Coarse_FineSurprisal.py	REAL	REAL	7	3.1269383615561464	0.0	2.4068637262763546	5.533802087832501	REAL
forWords_Turkish_RandomOrder_Coarse_FineSurprisal.py	REAL	REAL	8	3.1269383615561464	0.0	2.4068637262763546	5.533802087832501	REAL
forWords_Turkish_RandomOrder_Coarse_FineSurprisal.py	REAL	REAL	9	3.1269383615561464	0.0	2.4068637262763546	5.533802087832501	REAL
forWords_Turkish_RandomOrder_Coarse_FineSurprisal.py	REAL	REAL	10	3.1269383615561464	0.0	2.4068637262763546	5.533802087832501	REAL
forWords_Turkish_RandomOrder_Coarse_FineSurprisal.py	REAL	REAL	11	3.1269383615561464	0	2.4068637262763546	5.533802087832501	REAL
